Strike,Expiry,Leverage
2583.21,0.05,1.7484147391164317
2671.5248717948716,0.05,1.8455779350131638
2759.8397435897436,0.05,1.7852772314335243
2848.154615384615,0.05,1.5830739374985636
2936.4694871794873,0.05,1.3306859428908642
3024.784358974359,0.05,1.1622740183836109
3113.099230769231,0.05,1.1527800255288283
3201.4141025641024,0.05,1.3175082022778828
3289.7289743589745,0.05,1.5955973280112425
3378.043846153846,0.05,1.7931767960768976
3466.358717948718,0.05,1.8042077373610004
3554.6735897435897,0.05,1.703406704134052
3642.9884615384617,0.05,1.7125804102449398
3731.3033333333333,0.05,1.83310432848397
3819.618205128205,0.05,1.8249603231927234
3907.933076923077,0.05,1.6616360387636906
3996.247948717949,0.05,1.4182005899583132
4084.5628205128205,0.05,1.1955182388935464
4172.877692307692,0.05,1.031026990771799
4261.192564102565,0.05,0.9632048128841482
4349.507435897436,0.05,1.026698803863026
4437.822307692308,0.05,1.1642985140334101
4526.137179487179,0.05,1.2803488284182112
4614.452051282051,0.05,1.2881435245020842
4702.7669230769225,0.05,1.1949446109826556
4791.081794871795,0.05,1.0762151791637813
4879.3966666666665,0.05,1.0192974324840618
4967.711538461539,0.05,0.999992313288588
5056.026410256411,0.05,1.0323376285859354
5144.341282051282,0.05,1.1693982542980705
5232.656153846154,0.05,1.3927180093666882
5320.971025641025,0.05,1.6194423412197931
5409.285897435897,0.05,1.7522645051939527
5497.6007692307685,0.05,1.7883705658665272
5585.915641025641,0.05,1.7624115829238083
5674.230512820513,0.05,1.7124899301435732
5762.545384615385,0.05,1.646092219590412
5850.860256410257,0.05,1.6482521121370182
5939.175128205128,0.05,1.8068309726633973
6027.49,0.05,2.012237495845179
2583.21,0.1,1.6370925614529428
2671.5248717948716,0.1,1.7056613655911903
2759.8397435897436,0.1,1.6117371475631708
2848.154615384615,0.1,1.3444545248729913
2936.4694871794873,0.1,0.9992906717606789
3024.784358974359,0.1,0.7613545184686838
3113.099230769231,0.1,0.7460700927030204
3201.4141025641024,0.1,0.9724068200164577
3289.7289743589745,0.1,1.3393018433603072
3378.043846153846,0.1,1.5908623407581046
3466.358717948718,0.1,1.5957102284752567
3554.6735897435897,0.1,1.4507486895534034
3642.9884615384617,0.1,1.392844792827675
3731.3033333333333,0.1,1.4505263426532489
3819.618205128205,0.1,1.4199780502302541
3907.933076923077,0.1,1.2770714328301178
3996.247948717949,0.1,1.078971170696807
4084.5628205128205,0.1,0.9039932380546124
4172.877692307692,0.1,0.7941587920500932
4261.192564102565,0.1,0.7634679224619827
4349.507435897436,0.1,0.811299933244456
4437.822307692308,0.1,0.9493554175267134
4526.137179487179,0.1,1.1152228754444493
4614.452051282051,0.1,1.1967883735137255
4702.7669230769225,0.1,1.1872581636413002
4791.081794871795,0.1,1.1566982062002489
4879.3966666666665,0.1,1.1686702381431637
4967.711538461539,0.1,1.0963921228190838
5056.026410256411,0.1,0.9735893808836437
5144.341282051282,0.1,0.9915279953701336
5232.656153846154,0.1,1.2283004659720878
5320.971025641025,0.1,1.5435356895842018
5409.285897435897,0.1,1.696988258796801
5497.6007692307685,0.1,1.6815280939506856
5585.915641025641,0.1,1.587424999137712
5674.230512820513,0.1,1.5084871947762581
5762.545384615385,0.1,1.4291755787492306
5850.860256410257,0.1,1.4288041115033903
5939.175128205128,0.1,1.6066811503502219
6027.49,0.1,1.8359669594376191
2583.21,0.15,1.583811970043159
2671.5248717948716,0.15,1.5645498956945503
2759.8397435897436,0.15,1.4673901282611121
2848.154615384615,0.15,1.227861644631372
2936.4694871794873,0.15,0.8933836457877125
3024.784358974359,0.15,0.6503522690805768
3113.099230769231,0.15,0.6321727396870324
3201.4141025641024,0.15,0.854445700936256
3289.7289743589745,0.15,1.1914878985461281
3378.043846153846,0.15,1.4092373509835807
3466.358717948718,0.15,1.4056266711084453
3554.6735897435897,0.15,1.2743912983054804
3642.9884615384617,0.15,1.1428965833928313
3731.3033333333333,0.15,1.06145918256087
3819.618205128205,0.15,0.9950477280659082
3907.933076923077,0.15,0.941309182963356
3996.247948717949,0.15,0.8834424440801384
4084.5628205128205,0.15,0.7964417693744473
4172.877692307692,0.15,0.7310231919457792
4261.192564102565,0.15,0.7214893577718755
4349.507435897436,0.15,0.7756733520104828
4437.822307692308,0.15,0.9411069346322652
4526.137179487179,0.15,1.1514796573995891
4614.452051282051,0.15,1.2538927681806726
4702.7669230769225,0.15,1.2376321737858722
4791.081794871795,0.15,1.195891012582101
4879.3966666666665,0.15,1.2097886615842772
4967.711538461539,0.15,1.0921634098503283
5056.026410256411,0.15,0.8815416036922011
5144.341282051282,0.15,0.8424544980339612
5232.656153846154,0.15,1.0959328517745377
5320.971025641025,0.15,1.463811998301676
5409.285897435897,0.15,1.6264544938229177
5497.6007692307685,0.15,1.5755803636679524
5585.915641025641,0.15,1.4444849769965222
5674.230512820513,0.15,1.371125576770097
5762.545384615385,0.15,1.3136478303303047
5850.860256410257,0.15,1.308041949261173
5939.175128205128,0.15,1.4268180326760307
6027.49,0.15,1.5747889367849783
2583.21,0.2,1.5063514669339313
2671.5248717948716,0.2,1.4065431286693066
2759.8397435897436,0.2,1.340246560292252
2848.154615384615,0.2,1.177015165014743
2936.4694871794873,0.2,0.9005343168481639
3024.784358974359,0.2,0.6823781351188115
3113.099230769231,0.2,0.6633902982559672
3201.4141025641024,0.2,0.8533746092021829
3289.7289743589745,0.2,1.1125311838214447
3378.043846153846,0.2,1.2644795631580434
3466.358717948718,0.2,1.265075362148449
3554.6735897435897,0.2,1.2067184784986764
3642.9884615384617,0.2,1.0648020931823248
3731.3033333333333,0.2,0.8752749033879446
3819.618205128205,0.2,0.7626916616873083
3907.933076923077,0.2,0.7639082845247405
3996.247948717949,0.2,0.8116311460938953
4084.5628205128205,0.2,0.793252448497283
4172.877692307692,0.2,0.7565330228458128
4261.192564102565,0.2,0.7565824512849517
4349.507435897436,0.2,0.8187829437850794
4437.822307692308,0.2,0.9921055127631517
4526.137179487179,0.2,1.2049668746145747
4614.452051282051,0.2,1.29852537760846
4702.7669230769225,0.2,1.2637521703791852
4791.081794871795,0.2,1.2006147884296123
4879.3966666666665,0.2,1.1998985386275807
4967.711538461539,0.2,1.0828649401687154
5056.026410256411,0.2,0.8842353976780221
5144.341282051282,0.2,0.8547158954292241
5232.656153846154,0.2,1.1047787214066749
5320.971025641025,0.2,1.4516580938924752
5409.285897435897,0.2,1.5782020291317442
5497.6007692307685,0.2,1.4879266379064706
5585.915641025641,0.2,1.3395295235782037
5674.230512820513,0.2,1.2901210908491094
5762.545384615385,0.2,1.2650446580230452
5850.860256410257,0.2,1.2524228871114917
5939.175128205128,0.2,1.2944902139397223
6027.49,0.2,1.332314320590307
2583.21,0.25,1.3289927728097353
2671.5248717948716,0.25,1.218639823623017
2759.8397435897436,0.25,1.219580053506854
2848.154615384615,0.25,1.1378108519624202
2936.4694871794873,0.25,0.9123790319705098
3024.784358974359,0.25,0.7158126844633071
3113.099230769231,0.25,0.6973192527735305
3201.4141025641024,0.25,0.8631229596693714
3289.7289743589745,0.25,1.065101619856424
3378.043846153846,0.25,1.173457223235011
3466.358717948718,0.25,1.2041918599876564
3554.6735897435897,0.25,1.2753206621729933
3642.9884615384617,0.25,1.2486436665221123
3731.3033333333333,0.25,1.0826905058575431
3819.618205128205,0.25,0.9179591053924461
3907.933076923077,0.25,0.8445285833029315
3996.247948717949,0.25,0.8420963503850114
4084.5628205128205,0.25,0.8171318750700033
4172.877692307692,0.25,0.7884410482456711
4261.192564102565,0.25,0.7908060299964437
4349.507435897436,0.25,0.8434526220007759
4437.822307692308,0.25,0.9621062939958838
4526.137179487179,0.25,1.102162569689034
4614.452051282051,0.25,1.179870755005951
4702.7669230769225,0.25,1.18905319309492
4791.081794871795,0.25,1.1783533335994203
4879.3966666666665,0.25,1.194268075295446
4967.711538461539,0.25,1.1583900073580553
5056.026410256411,0.25,1.099226880058372
5144.341282051282,0.25,1.148233319180061
5232.656153846154,0.25,1.3534422093458571
5320.971025641025,0.25,1.5726120260436858
5409.285897435897,0.25,1.588040208555597
5497.6007692307685,0.25,1.436211442932943
5585.915641025641,0.25,1.2788033869344144
5674.230512820513,0.25,1.2551596511255867
5762.545384615385,0.25,1.2497297965048466
5850.860256410257,0.25,1.229482298128665
5939.175128205128,0.25,1.2350705443572652
6027.49,0.25,1.2074321956005842
2583.21,0.3,1.097537093838995
2671.5248717948716,0.3,1.038275306178121
2759.8397435897436,0.3,1.1182688707644486
2848.154615384615,0.3,1.0968034102399127
2936.4694871794873,0.3,0.8965483548873209
3024.784358974359,0.3,0.7075064320331572
3113.099230769231,0.3,0.6904829013073888
3201.4141025641024,0.3,0.8557213398093049
3289.7289743589745,0.3,1.0547392375608364
3378.043846153846,0.3,1.1659414749126162
3466.358717948718,0.3,1.234748219806847
3554.6735897435897,0.3,1.4182163880109262
3642.9884615384617,0.3,1.560570611678343
3731.3033333333333,0.3,1.5258336619716937
3819.618205128205,0.3,1.3293969693394323
3907.933076923077,0.3,1.0978538955494173
3996.247948717949,0.3,0.9261591754780438
4084.5628205128205,0.3,0.8341006197218825
4172.877692307692,0.3,0.7975671336940241
4261.192564102565,0.3,0.7975213759717628
4349.507435897436,0.3,0.8246350201018547
4437.822307692308,0.3,0.8454543516962464
4526.137179487179,0.3,0.8681839199326634
4614.452051282051,0.3,0.9361393959575909
4702.7669230769225,0.3,1.044405941131796
4791.081794871795,0.3,1.1489720083301578
4879.3966666666665,0.3,1.2112113831996538
4967.711538461539,0.3,1.3027665934626829
5056.026410256411,0.3,1.448149215887016
5144.341282051282,0.3,1.6071659470302968
5232.656153846154,0.3,1.743213569700391
5320.971025641025,0.3,1.7829212929352163
5409.285897435897,0.3,1.659461314612258
5497.6007692307685,0.3,1.442662309404857
5585.915641025641,0.3,1.274283093083567
5674.230512820513,0.3,1.2553647100980239
5762.545384615385,0.3,1.2495399847639344
5850.860256410257,0.3,1.2269012012071383
5939.175128205128,0.3,1.2388816215607024
6027.49,0.3,1.2107996947633695
2583.21,0.35,0.9637357650119235
2671.5248717948716,0.35,0.9464622177017212
2759.8397435897436,0.35,1.0695799605455167
2848.154615384615,0.35,1.0762797805776294
2936.4694871794873,0.35,0.8876243686528732
3024.784358974359,0.35,0.7011099516877577
3113.099230769231,0.35,0.6866139505545903
3201.4141025641024,0.35,0.8718429655484916
3289.7289743589745,0.35,1.1239624123206586
3378.043846153846,0.35,1.2817990155500878
3466.358717948718,0.35,1.3515122951493759
3554.6735897435897,0.35,1.495457817747218
3642.9884615384617,0.35,1.672089220552378
3731.3033333333333,0.35,1.7428828026247738
3819.618205128205,0.35,1.580387680819337
3907.933076923077,0.35,1.2769967178778012
3996.247948717949,0.35,0.9917012244678699
4084.5628205128205,0.35,0.8485574172096395
4172.877692307692,0.35,0.8016366289678505
4261.192564102565,0.35,0.7954390548942252
4349.507435897436,0.35,0.800931182273034
4437.822307692308,0.35,0.7548358228450308
4526.137179487179,0.35,0.7024472924967691
4614.452051282051,0.35,0.7712340576193283
4702.7669230769225,0.35,0.9547192596820371
4791.081794871795,0.35,1.1429403571826728
4879.3966666666665,0.35,1.2363239599777394
4967.711538461539,0.35,1.4071286348676944
5056.026410256411,0.35,1.6812654292234663
5144.341282051282,0.35,1.909684379555521
5232.656153846154,0.35,2.0029920384040607
5320.971025641025,0.35,1.9431466198524074
5409.285897435897,0.35,1.7672522493954066
5497.6007692307685,0.35,1.5329798258914749
5585.915641025641,0.35,1.3426847160794797
5674.230512820513,0.35,1.279521183789804
5762.545384615385,0.35,1.2600560232725087
5850.860256410257,0.35,1.2499750978238053
5939.175128205128,0.35,1.2654652700385387
6027.49,0.35,1.2752825706477873
2583.21,0.39999999999999997,0.9654883312525246
2671.5248717948716,0.39999999999999997,0.9505261078156029
2759.8397435897436,0.39999999999999997,1.071908782425944
2848.154615384615,0.39999999999999997,1.0792409053412948
2936.4694871794873,0.39999999999999997,0.8951648915862729
3024.784358974359,0.39999999999999997,0.7109921770296307
3113.099230769231,0.39999999999999997,0.700468643459338
3201.4141025641024,0.39999999999999997,0.9154534998791093
3289.7289743589745,0.39999999999999997,1.248561895235651
3378.043846153846,0.39999999999999997,1.471998350182822
3466.358717948718,0.39999999999999997,1.500343042107059
3554.6735897435897,0.39999999999999997,1.4596257408187086
3642.9884615384617,0.39999999999999997,1.5043847723724695
3731.3033333333333,0.39999999999999997,1.5971474420068754
3819.618205128205,0.39999999999999997,1.5273147177875022
3907.933076923077,0.39999999999999997,1.288752472265381
3996.247948717949,0.39999999999999997,1.0126634472678158
4084.5628205128205,0.39999999999999997,0.8651592250020219
4172.877692307692,0.39999999999999997,0.8110780739409338
4261.192564102565,0.39999999999999997,0.7964519311293294
4349.507435897436,0.39999999999999997,0.7940069664984324
4437.822307692308,0.39999999999999997,0.7430616213194109
4526.137179487179,0.39999999999999997,0.6921426848518623
4614.452051282051,0.39999999999999997,0.7708377881595091
4702.7669230769225,0.39999999999999997,0.9686945133555407
4791.081794871795,0.39999999999999997,1.1664154779907978
4879.3966666666665,0.39999999999999997,1.2566052961468137
4967.711538461539,0.39999999999999997,1.42236957564106
5056.026410256411,0.39999999999999997,1.695844922432839
5144.341282051282,0.39999999999999997,1.9260304089993616
5232.656153846154,0.39999999999999997,2.022753112589025
5320.971025641025,0.39999999999999997,1.989705256033924
5409.285897435897,0.39999999999999997,1.881283507828216
5497.6007692307685,0.39999999999999997,1.6937819987142755
5585.915641025641,0.39999999999999997,1.478194046667711
5674.230512820513,0.39999999999999997,1.3270470322264127
5762.545384615385,0.39999999999999997,1.2792315769971883
5850.860256410257,0.39999999999999997,1.288448636868812
5939.175128205128,0.39999999999999997,1.2924788729913945
6027.49,0.39999999999999997,1.3589197086139182
2583.21,0.44999999999999996,0.9515207056920619
2671.5248717948716,0.44999999999999996,0.9367572489980299
2759.8397435897436,0.44999999999999996,1.066386779675038
2848.154615384615,0.44999999999999996,1.0756534732947685
2936.4694871794873,0.44999999999999996,0.8847183871022269
3024.784358974359,0.44999999999999996,0.6995526550674556
3113.099230769231,0.44999999999999996,0.6952998202732974
3201.4141025641024,0.44999999999999996,0.927605691410954
3289.7289743589745,0.44999999999999996,1.2948640503627067
3378.043846153846,0.44999999999999996,1.5438611301954002
3466.358717948718,0.44999999999999996,1.549337824759154
3554.6735897435897,0.44999999999999996,1.4166150272486382
3642.9884615384617,0.44999999999999996,1.3914408232713031
3731.3033333333333,0.44999999999999996,1.4922999456979056
3819.618205128205,0.44999999999999996,1.4819578100105837
3907.933076923077,0.44999999999999996,1.2963336295148944
3996.247948717949,0.44999999999999996,1.038438410235355
4084.5628205128205,0.44999999999999996,0.886834709269366
4172.877692307692,0.44999999999999996,0.8219555942155383
4261.192564102565,0.44999999999999996,0.7989467148912747
4349.507435897436,0.44999999999999996,0.7947115883610675
4437.822307692308,0.44999999999999996,0.7599408292754122
4526.137179487179,0.44999999999999996,0.7340508715886382
4614.452051282051,0.44999999999999996,0.8210559289531254
4702.7669230769225,0.44999999999999996,1.0070939177842606
4791.081794871795,0.44999999999999996,1.1858222747657872
4879.3966666666665,0.44999999999999996,1.2631432306296992
4967.711538461539,0.44999999999999996,1.400780239464097
5056.026410256411,0.44999999999999996,1.6353994585901843
5144.341282051282,0.44999999999999996,1.8471733713713774
5232.656153846154,0.44999999999999996,1.961423520262303
5320.971025641025,0.44999999999999996,1.9864845381221745
5409.285897435897,0.44999999999999996,1.9651185160168083
5497.6007692307685,0.44999999999999996,1.8485757246583718
5585.915641025641,0.44999999999999996,1.6384577269448843
5674.230512820513,0.44999999999999996,1.4144945103736422
5762.545384615385,0.44999999999999996,1.3080819172202387
5850.860256410257,0.44999999999999996,1.3060657372601685
5939.175128205128,0.44999999999999996,1.32847035845221
6027.49,0.44999999999999996,1.4646193445798776
2583.21,0.49999999999999994,0.8553928246342093
2671.5248717948716,0.49999999999999994,0.8593417402290234
2759.8397435897436,0.49999999999999994,1.028541450749409
2848.154615384615,0.49999999999999994,1.0540993161639212
2936.4694871794873,0.49999999999999994,0.8487551570449257
3024.784358974359,0.49999999999999994,0.6588426797542198
3113.099230769231,0.49999999999999994,0.6597741311983664
3201.4141025641024,0.49999999999999994,0.8803712134383739
3289.7289743589745,0.49999999999999994,1.19250079951754
3378.043846153846,0.49999999999999994,1.3950183590614669
3466.358717948718,0.49999999999999994,1.4334904398180501
3554.6735897435897,0.49999999999999994,1.4436912437022063
3642.9884615384617,0.49999999999999994,1.5465882690446013
3731.3033333333333,0.49999999999999994,1.6805781311449839
3819.618205128205,0.49999999999999994,1.6335958106999748
3907.933076923077,0.49999999999999994,1.3918632529660973
3996.247948717949,0.49999999999999994,1.0897218577848473
4084.5628205128205,0.49999999999999994,0.909601645114962
4172.877692307692,0.49999999999999994,0.830044469946438
4261.192564102565,0.49999999999999994,0.8011156804350381
4349.507435897436,0.49999999999999994,0.7943826316118364
4437.822307692308,0.49999999999999994,0.7621953379529384
4526.137179487179,0.49999999999999994,0.7408949724729545
4614.452051282051,0.49999999999999994,0.8268065641172287
4702.7669230769225,0.49999999999999994,1.0056085633768057
4791.081794871795,0.49999999999999994,1.1767538532315387
4879.3966666666665,0.49999999999999994,1.2526458577503263
4967.711538461539,0.49999999999999994,1.3889468968743683
5056.026410256411,0.49999999999999994,1.6204190958242453
5144.341282051282,0.49999999999999994,1.8314920810485094
5232.656153846154,0.49999999999999994,1.9506880216787588
5320.971025641025,0.49999999999999994,1.9892139187380256
5409.285897435897,0.49999999999999994,1.996340025965647
5497.6007692307685,0.49999999999999994,1.9390792700220605
5585.915641025641,0.49999999999999994,1.7845351702836283
5674.230512820513,0.49999999999999994,1.5496899616580087
5762.545384615385,0.49999999999999994,1.3596552845197307
5850.860256410257,0.49999999999999994,1.3003703397331359
5939.175128205128,0.49999999999999994,1.391327348782819
6027.49,0.49999999999999994,1.5945816728886262
2583.21,0.5499999999999999,0.9204595657380298
2671.5248717948716,0.5499999999999999,0.9120565720117609
2759.8397435897436,0.5499999999999999,1.054162905632513
2848.154615384615,0.5499999999999999,1.0688080992729618
2936.4694871794873,0.5499999999999999,0.873652152076568
3024.784358974359,0.5499999999999999,0.6853040656563487
3113.099230769231,0.5499999999999999,0.6739429828278615
3201.4141025641024,0.5499999999999999,0.8573755717988313
3289.7289743589745,0.5499999999999999,1.093565278895663
3378.043846153846,0.5499999999999999,1.237016033632783
3466.358717948718,0.5499999999999999,1.3124506469168233
3554.6735897435897,0.5499999999999999,1.4889715397801522
3642.9884615384617,0.5499999999999999,1.7030368091583585
3731.3033333333333,0.5499999999999999,1.805489068309347
3819.618205128205,0.5499999999999999,1.6740579539007319
3907.933076923077,0.5499999999999999,1.3809460562275353
3996.247948717949,0.5499999999999999,1.0792642584557919
4084.5628205128205,0.5499999999999999,0.9089531663269295
4172.877692307692,0.5499999999999999,0.8341917785817656
4261.192564102565,0.5499999999999999,0.8042737986016558
4349.507435897436,0.5499999999999999,0.7943147086804384
4437.822307692308,0.5499999999999999,0.7558730857908461
4526.137179487179,0.5499999999999999,0.726194515500851
4614.452051282051,0.5499999999999999,0.8050472202877903
4702.7669230769225,0.5499999999999999,0.9804701937494263
4791.081794871795,0.5499999999999999,1.153586728235566
4879.3966666666665,0.5499999999999999,1.2377752141687337
4967.711538461539,0.5499999999999999,1.388242392550096
5056.026410256411,0.5499999999999999,1.6337343922902006
5144.341282051282,0.5499999999999999,1.8501497668883413
5232.656153846154,0.5499999999999999,1.9655041306873327
5320.971025641025,0.5499999999999999,1.9937858921952776
5409.285897435897,0.5499999999999999,1.9968648590668032
5497.6007692307685,0.5499999999999999,1.9797014454770785
5585.915641025641,0.5499999999999999,1.897902484844261
5674.230512820513,0.5499999999999999,1.7092335878741869
5762.545384615385,0.5499999999999999,1.4827222102257862
5850.860256410257,0.5499999999999999,1.3787620052473066
5939.175128205128,0.5499999999999999,1.5188242404385572
6027.49,0.5499999999999999,1.7365185506318281
2583.21,0.6,1.3536892515581158
2671.5248717948716,0.6,1.258416024057709
2759.8397435897436,0.6,1.224474180915541
2848.154615384615,0.6,1.1653481357980175
2936.4694871794873,0.6,1.0299138711226274
3024.784358974359,0.6,0.8573199001207356
3113.099230769231,0.6,0.8027088921920739
3201.4141025641024,0.6,0.9304667368450628
3289.7289743589745,0.6,1.1400324529795327
3378.043846153846,0.6,1.2719683930864614
3466.358717948718,0.6,1.3328297585449607
3554.6735897435897,0.6,1.4756409952042433
3642.9884615384617,0.6,1.5673183790089258
3731.3033333333333,0.6,1.4982662953973025
3819.618205128205,0.6,1.29906429678938
3907.933076923077,0.6,1.0801345569575804
3996.247948717949,0.6,0.9280010042941176
4084.5628205128205,0.6,0.8638129694033571
4172.877692307692,0.6,0.8337287217443875
4261.192564102565,0.6,0.809680200495444
4349.507435897436,0.6,0.7970458986289852
4437.822307692308,0.6,0.7541865392083665
4526.137179487179,0.6,0.718437168996361
4614.452051282051,0.6,0.7899331303203463
4702.7669230769225,0.6,0.9605977964291095
4791.081794871795,0.6,1.1361371445823518
4879.3966666666665,0.6,1.231218101376522
4967.711538461539,0.6,1.391090118817641
5056.026410256411,0.6,1.6383115780761301
5144.341282051282,0.6,1.8501402952511472
5232.656153846154,0.6,1.9617437987630002
5320.971025641025,0.6,1.9889426286039196
5409.285897435897,0.6,1.9939554445371195
5497.6007692307685,0.6,1.9962501153165768
5585.915641025641,0.6,1.9667637509021498
5674.230512820513,0.6,1.8630230609178045
5762.545384615385,0.6,1.7106532648967905
5850.860256410257,0.6,1.6320198254099154
5939.175128205128,0.6,1.7339415049718843
6027.49,0.6,1.8734926269082826
2583.21,0.65,1.7906673379111264
2671.5248717948716,0.65,1.6072742518800525
2759.8397435897436,0.65,1.3962301858126631
2848.154615384615,0.65,1.2624895645573968
2936.4694871794873,0.65,1.185719942887942
3024.784358974359,0.65,1.0258692577140032
3113.099230769231,0.65,0.9158709756776038
3201.4141025641024,0.65,0.9737116010010132
3289.7289743589745,0.65,1.159860074643673
3378.043846153846,0.65,1.288023741012798
3466.358717948718,0.65,1.307161711006593
3554.6735897435897,0.65,1.3239179723120258
3642.9884615384617,0.65,1.2319158759744624
3731.3033333333333,0.65,1.0090821535089562
3819.618205128205,0.65,0.7938449836762107
3907.933076923077,0.65,0.6978865826541091
3996.247948717949,0.65,0.728936030169258
4084.5628205128205,0.65,0.7970936737806813
4172.877692307692,0.65,0.8274022288900755
4261.192564102565,0.65,0.81470448723334
4349.507435897436,0.65,0.8012611056265778
4437.822307692308,0.65,0.757301166014127
4526.137179487179,0.65,0.721419760227146
4614.452051282051,0.65,0.7915423858262685
4702.7669230769225,0.65,0.9595538304333207
4791.081794871795,0.65,1.132799244070628
4879.3966666666665,0.65,1.2276542501917447
4967.711538461539,0.65,1.3875456928592595
5056.026410256411,0.65,1.6343133086111636
5144.341282051282,0.65,1.8461596880429312
5232.656153846154,0.65,1.9588584822179618
5320.971025641025,0.65,1.9885204111823234
5409.285897435897,0.65,1.9965692624607747
5497.6007692307685,0.65,2.0003630927739997
5585.915641025641,0.65,1.9965502144034573
5674.230512820513,0.65,1.9761833307989072
5762.545384615385,0.65,1.9435510304381902
5850.860256410257,0.65,1.9259491084807794
5939.175128205128,0.65,1.948057548294641
6027.49,0.65,1.9770944077792165
2583.21,0.7,1.7043251988094572
2671.5248717948716,0.7,1.5381775664234612
2759.8397435897436,0.7,1.3622951462527175
2848.154615384615,0.7,1.2429544313779164
2936.4694871794873,0.7,1.1520291618241076
3024.784358974359,0.7,0.9781136119413517
3113.099230769231,0.7,0.8305731435062664
3201.4141025641024,0.7,0.8106472273016696
3289.7289743589745,0.7,0.8987875925331349
3378.043846153846,0.7,0.9634303590779796
3466.358717948718,0.7,0.9652593120787728
3554.6735897435897,0.7,0.9771765267365063
3642.9884615384617,0.7,0.9294524853509798
3731.3033333333333,0.7,0.7898653534917166
3819.618205128205,0.7,0.6283601640706019
3907.933076923077,0.7,0.5645684838759144
3996.247948717949,0.7,0.6310620483298609
4084.5628205128205,0.7,0.7483044140269174
4172.877692307692,0.7,0.8155449978586334
4261.192564102565,0.7,0.8161012978634193
4349.507435897436,0.7,0.8044889538592609
4437.822307692308,0.7,0.7607215729605667
4526.137179487179,0.7,0.7293926598004835
4614.452051282051,0.7,0.8089751782306901
4702.7669230769225,0.7,0.9819482869011217
4791.081794871795,0.7,1.145671934824259
4879.3966666666665,0.7,1.2168339856082815
4967.711538461539,0.7,1.3693622634937537
5056.026410256411,0.7,1.6345479204951325
5144.341282051282,0.7,1.8722124077112312
5232.656153846154,0.7,1.9929911175853554
5320.971025641025,0.7,2.011480001913694
5409.285897435897,0.7,2.005794161500474
5497.6007692307685,0.7,1.9984431313526991
5585.915641025641,0.7,1.999661058844792
5674.230512820513,0.7,2.016305615948928
5762.545384615385,0.7,2.043545933696488
5850.860256410257,0.7,2.058504395864803
5939.175128205128,0.7,2.0410939143972917
6027.49,0.7,2.017990483206362
2583.21,0.75,1.2112018115785566
2671.5248717948716,0.75,1.144338545878396
2759.8397435897436,0.75,1.1684791147295506
2848.154615384615,0.75,1.13289954342113
2936.4694871794873,0.75,0.9725286630290672
3024.784358974359,0.75,0.7691871915751031
3113.099230769231,0.75,0.6209201369872922
3201.4141025641024,0.75,0.5620252667913727
3289.7289743589745,0.75,0.5487537635858359
3378.043846153846,0.75,0.5451535270815504
3466.358717948718,0.75,0.5728862343538903
3554.6735897435897,0.75,0.6916293943976043
3642.9884615384617,0.75,0.8481982323307254
3731.3033333333333,0.75,0.9250411889883395
3819.618205128205,0.75,0.8266816462371446
3907.933076923077,0.75,0.7025189926457005
3996.247948717949,0.75,0.6799057374487574
4084.5628205128205,0.75,0.759945575643686
4172.877692307692,0.75,0.8217421042276574
4261.192564102565,0.75,0.8213544380375414
4349.507435897436,0.75,0.8078322130162202
4437.822307692308,0.75,0.762438933883411
4526.137179487179,0.75,0.7319498472935478
4614.452051282051,0.75,0.8152718650414497
4702.7669230769225,0.75,0.9906145706171696
4791.081794871795,0.75,1.1504692919748076
4879.3966666666665,0.75,1.2113263935993674
4967.711538461539,0.75,1.3615427106564721
5056.026410256411,0.75,1.6364527107807336
5144.341282051282,0.75,1.8865051970709388
5232.656153846154,0.75,2.010517507308392
5320.971025641025,0.75,2.0224799092461634
5409.285897435897,0.75,2.0090498430405956
5497.6007692307685,0.75,1.9973626057347436
5585.915641025641,0.75,1.9957062545080957
5674.230512820513,0.75,2.005681566823915
5762.545384615385,0.75,2.022429260429589
5850.860256410257,0.75,2.0319442620710735
5939.175128205128,0.75,2.0227123734518626
6027.49,0.75,2.0099689678798303
2583.21,0.7999999999999999,0.8656136781204907
2671.5248717948716,0.7999999999999999,0.8683576115028417
2759.8397435897436,0.7999999999999999,1.0326441086064428
2848.154615384615,0.7999999999999999,1.0560373061205577
2936.4694871794873,0.7999999999999999,0.8491385986018343
3024.784358974359,0.7999999999999999,0.6361647826428558
3113.099230769231,0.7999999999999999,0.5343487122792248
3201.4141025641024,0.7999999999999999,0.5470883407313871
3289.7289743589745,0.7999999999999999,0.5987585501695017
3378.043846153846,0.7999999999999999,0.6584540041178645
3466.358717948718,0.7999999999999999,0.7507191483839424
3554.6735897435897,0.7999999999999999,0.9260455448343502
3642.9884615384617,0.7999999999999999,1.13709679968986
3731.3033333333333,0.7999999999999999,1.2426250971110986
3819.618205128205,0.7999999999999999,1.105690370451032
3907.933076923077,0.7999999999999999,0.9216991482470221
3996.247948717949,0.7999999999999999,0.8477547645145058
4084.5628205128205,0.7999999999999999,0.874330390707372
4172.877692307692,0.7999999999999999,0.8842089438158443
4261.192564102565,0.7999999999999999,0.8448790459718938
4349.507435897436,0.7999999999999999,0.8147714566721173
4437.822307692308,0.7999999999999999,0.7622074328435545
4526.137179487179,0.7999999999999999,0.7159076605968341
4614.452051282051,0.7999999999999999,0.7667665582834745
4702.7669230769225,0.7999999999999999,0.9213754951437269
4791.081794871795,0.7999999999999999,1.1058639222486342
4879.3966666666665,0.7999999999999999,1.2387065104142996
4967.711538461539,0.7999999999999999,1.4107059670155537
5056.026410256411,0.7999999999999999,1.6270542495276865
5144.341282051282,0.7999999999999999,1.7972194097230383
5232.656153846154,0.7999999999999999,1.8987331219401242
5320.971025641025,0.7999999999999999,1.9504904317731755
5409.285897435897,0.7999999999999999,1.9847364524694684
5497.6007692307685,0.7999999999999999,2.0037564749311536
5585.915641025641,0.7999999999999999,2.0082628377992666
5674.230512820513,0.7999999999999999,2.003205782577136
5762.545384615385,0.7999999999999999,1.994090846370949
5850.860256410257,0.7999999999999999,1.9884147923388225
5939.175128205128,0.7999999999999999,1.991310850443671
6027.49,0.7999999999999999,1.9961465921668127
2583.21,0.85,0.8698105812736362
2671.5248717948716,0.85,0.8717083194273454
2759.8397435897436,0.85,1.0342844424395965
2848.154615384615,0.85,1.057345223631282
2936.4694871794873,0.85,0.8540976725283949
3024.784358974359,0.85,0.6576150121406021
3113.099230769231,0.85,0.6255461066501191
3201.4141025641024,0.85,0.7901401310230657
3289.7289743589745,0.85,1.0610652911880252
3378.043846153846,0.85,1.308641503640691
3466.358717948718,0.85,1.4784260617241665
3554.6735897435897,0.85,1.6006299129085402
3642.9884615384617,0.85,1.6421687715361124
3731.3033333333333,0.85,1.542472829883952
3819.618205128205,0.85,1.2875402052092926
3907.933076923077,0.85,1.0985676889149318
3996.247948717949,0.85,1.0607936230302661
4084.5628205128205,0.85,1.0521654604199895
4172.877692307692,0.85,0.9856841032170359
4261.192564102565,0.85,0.8819943296500738
4349.507435897436,0.85,0.8248850951998686
4437.822307692308,0.85,0.7608533761699614
4526.137179487179,0.85,0.6843274864108569
4614.452051282051,0.85,0.6703366570547767
4702.7669230769225,0.85,0.7831364133413004
4791.081794871795,0.85,1.0172975680625573
4879.3966666666665,0.85,1.2953874447290274
4967.711538461539,0.85,1.5093790662290476
5056.026410256411,0.85,1.6037768468770712
5144.341282051282,0.85,1.6096445362908696
5232.656153846154,0.85,1.6656582936395652
5320.971025641025,0.85,1.7991484875991126
5409.285897435897,0.85,1.9283284886879033
5497.6007692307685,0.85,2.0035586582921963
5585.915641025641,0.85,2.0232755372049507
5674.230512820513,0.85,2.0166038081045907
5762.545384615385,0.85,2.001453062201019
5850.860256410257,0.85,1.9910820712219426
5939.175128205128,0.85,1.9920898527760984
6027.49,0.85,1.996388840188301
2583.21,0.9,0.971470155356738
2671.5248717948716,0.9,0.9528909124684671
2759.8397435897436,0.9,1.074240511665281
2848.154615384615,0.9,1.0801514745821073
2936.4694871794873,0.9,0.8922887628371708
3024.784358974359,0.9,0.70786962457196
3113.099230769231,0.9,0.7021678693568572
3201.4141025641024,0.9,0.9393380174436513
3289.7289743589745,0.9,1.340605756048418
3378.043846153846,0.9,1.7114674139548331
3466.358717948718,0.9,1.9202797859788365
3554.6735897435897,0.9,1.9531114126085738
3642.9884615384617,0.9,1.829742123203574
3731.3033333333333,0.9,1.5960046783720436
3819.618205128205,0.9,1.3349783471293981
3907.933076923077,0.9,1.1988317066092562
3996.247948717949,0.9,1.1891857397358976
4084.5628205128205,0.9,1.1515761109917075
4172.877692307692,0.9,1.0387861103285907
4261.192564102565,0.9,0.9038313045390066
4349.507435897436,0.9,0.8327822190786598
4437.822307692308,0.9,0.7605056456557117
4526.137179487179,0.9,0.6607756352642274
4614.452051282051,0.9,0.5968669214908728
4702.7669230769225,0.9,0.6774280747496665
4791.081794871795,0.9,0.9494818682243372
4879.3966666666665,0.9,1.3381989179631755
4967.711538461539,0.9,1.5814965358959827
5056.026410256411,0.9,1.5774064087293962
5144.341282051282,0.9,1.4525319808654473
5232.656153846154,0.9,1.4727167377233974
5320.971025641025,0.9,1.6669561956929853
5409.285897435897,0.9,1.8570474705872044
5497.6007692307685,0.9,1.956730090112541
5585.915641025641,0.9,1.9793137309960942
5674.230512820513,0.9,1.988309507255509
5762.545384615385,0.9,1.9954828631925077
5850.860256410257,0.9,2.0000611940037754
5939.175128205128,0.9,2.0009709657186043
6027.49,0.9,2.000521258309884
2583.21,0.95,0.9867525075030424
2671.5248717948716,0.95,0.9650958242716623
2759.8397435897436,0.95,1.0802615361954437
2848.154615384615,0.95,1.0832704212613107
2936.4694871794873,0.95,0.895342153398106
3024.784358974359,0.95,0.7005719998218015
3113.099230769231,0.95,0.6474396525749619
3201.4141025641024,0.95,0.7980774639585027
3289.7289743589745,0.95,1.1093034409455744
3378.043846153846,0.95,1.433808079944239
3466.358717948718,0.95,1.6187380723592282
3554.6735897435897,0.95,1.5823274326100503
3642.9884615384617,0.95,1.4393096782172004
3731.3033333333333,0.95,1.3087669274818403
3819.618205128205,0.95,1.2361624903605806
3907.933076923077,0.95,1.1971175341904041
3996.247948717949,0.95,1.1581406172281554
4084.5628205128205,0.95,1.0970316960308384
4172.877692307692,0.95,0.9990539182410901
4261.192564102565,0.95,0.8953771318680956
4349.507435897436,0.95,0.8353650150328991
4437.822307692308,0.95,0.7623608791470193
4526.137179487179,0.95,0.6589374987163373
4614.452051282051,0.95,0.5877393889978542
4702.7669230769225,0.95,0.6636076758624756
4791.081794871795,0.95,0.9402787324119741
4879.3966666666665,0.95,1.3420596089070593
4967.711538461539,0.95,1.583609255165715
5056.026410256411,0.95,1.5568890892244802
5144.341282051282,0.95,1.4053510151780717
5232.656153846154,0.95,1.418713382575327
5320.971025641025,0.95,1.6160491342332772
5409.285897435897,0.95,1.7880784571520063
5497.6007692307685,0.95,1.8514412159667644
5585.915641025641,0.95,1.8539995621544858
5674.230512820513,0.95,1.8932173757938326
5762.545384615385,0.95,1.9481112505653826
5850.860256410257,0.95,1.987353226215462
5939.175128205128,0.95,1.9997584429000699
6027.49,0.95,2.0007139914911427
2583.21,1.0,0.9588907433334873
2671.5248717948716,1.0,0.942847056939625
2759.8397435897436,1.0,1.069326322301073
2848.154615384615,1.0,1.0766951521260995
2936.4694871794873,1.0,0.882062861394015
3024.784358974359,1.0,0.671288227730105
3113.099230769231,1.0,0.5573309006052971
3201.4141025641024,1.0,0.5872654267660994
3289.7289743589745,1.0,0.7512698882446073
3378.043846153846,1.0,0.977789317377859
3466.358717948718,1.0,1.1183820283019097
3554.6735897435897,1.0,1.0297089871748093
3642.9884615384617,1.0,0.9031062726532547
3731.3033333333333,1.0,0.9029699473604043
3819.618205128205,1.0,1.0175511743334322
3907.933076923077,1.0,1.075566519195526
3996.247948717949,1.0,1.0294188376947666
4084.5628205128205,1.0,0.9827891756618854
4172.877692307692,1.0,0.9324265962786648
4261.192564102565,1.0,0.8774903000543406
4349.507435897436,1.0,0.8356157195136635
4437.822307692308,1.0,0.7652505503626642
4526.137179487179,1.0,0.6664345159236646
4614.452051282051,1.0,0.6061000554668456
4702.7669230769225,1.0,0.6890279164831721
4791.081794871795,1.0,0.9561979860502157
4879.3966666666665,1.0,1.3299072583187146
4967.711538461539,1.0,1.5584384910962867
5056.026410256411,1.0,1.5448999840514752
5144.341282051282,1.0,1.4144252455028254
5232.656153846154,1.0,1.4337913815601153
5320.971025641025,1.0,1.6097526597670748
5409.285897435897,1.0,1.7352900824172672
5497.6007692307685,1.0,1.7454343520346227
5585.915641025641,1.0,1.7229660540883653
5674.230512820513,1.0,1.7915390721562077
5762.545384615385,1.0,1.893767849754233
5850.860256410257,1.0,1.9679597511264344
5939.175128205128,1.0,1.9942543591164466
6027.49,1.0,1.9990625691682127
2583.21,1.0499999999999998,0.9493558800459152
2671.5248717948716,1.0499999999999998,0.9352330106988104
2759.8397435897436,1.0499999999999998,1.065582923970635
2848.154615384615,1.0499999999999998,1.0744686129215548
2936.4694871794873,1.0499999999999998,0.8777230819100165
3024.784358974359,1.0499999999999998,0.6623962568499491
3113.099230769231,1.0499999999999998,0.5315324130803708
3201.4141025641024,1.0499999999999998,0.5275292136030499
3289.7289743589745,1.0499999999999998,0.6491842331175652
3378.043846153846,1.0499999999999998,0.8455591170700945
3466.358717948718,1.0499999999999998,0.96505236986565
3554.6735897435897,1.0499999999999998,0.8367682430151887
3642.9884615384617,1.0499999999999998,0.6574236609009295
3731.3033333333333,1.0499999999999998,0.6168724103599937
3819.618205128205,1.0499999999999998,0.7343372758748286
3907.933076923077,1.0499999999999998,0.8438945953323977
3996.247948717949,1.0499999999999998,0.8785679334740543
4084.5628205128205,1.0499999999999998,0.9072069512928383
4172.877692307692,1.0499999999999998,0.9060266021191874
4261.192564102565,1.0499999999999998,0.8726785231004641
4349.507435897436,1.0499999999999998,0.8377052044695221
4437.822307692308,1.0499999999999998,0.7683590582736387
4526.137179487179,1.0499999999999998,0.6703456829878583
4614.452051282051,1.0499999999999998,0.6129503537056349
4702.7669230769225,1.0499999999999998,0.6978707465428573
4791.081794871795,1.0499999999999998,0.9617003361568102
4879.3966666666665,1.0499999999999998,1.3258904700131826
4967.711538461539,1.0499999999999998,1.5503942450121262
5056.026410256411,1.0499999999999998,1.5420964670938249
5144.341282051282,1.0499999999999998,1.4194245429060517
5232.656153846154,1.0499999999999998,1.4403305306748868
5320.971025641025,1.0499999999999998,1.605807164917474
5409.285897435897,1.0499999999999998,1.7086255286459957
5497.6007692307685,1.0499999999999998,1.6924978027103301
5585.915641025641,1.0499999999999998,1.6576504960173888
5674.230512820513,1.0499999999999998,1.7410401981136774
5762.545384615385,1.0499999999999998,1.8671371541205668
5850.860256410257,1.0499999999999998,1.9588943146235902
5939.175128205128,1.0499999999999998,1.991928228285528
6027.49,1.0499999999999998,1.9984181087985244
2583.21,1.0999999999999999,0.9559719223805454
2671.5248717948716,1.0999999999999999,0.9405162425798346
2759.8397435897436,1.0999999999999999,1.0681805718714665
2848.154615384615,1.0999999999999999,1.0760132080629332
2936.4694871794873,1.0999999999999999,0.8807341655030849
3024.784358974359,1.0999999999999999,0.668568481387341
3113.099230769231,1.0999999999999999,0.5494274630323353
3201.4141025641024,1.0999999999999999,0.5689673482421013
3289.7289743589745,1.0999999999999999,0.7199223774016684
3378.043846153846,1.0999999999999999,0.936210120709078
3466.358717948718,1.0999999999999999,1.0640241673207858
3554.6735897435897,1.0999999999999999,0.937493408331095
3642.9884615384617,1.0999999999999999,0.7102115948512593
3731.3033333333333,1.0999999999999999,0.5573670853891869
3819.618205128205,1.0999999999999999,0.5474597886400339
3907.933076923077,1.0999999999999999,0.6321530561317033
3996.247948717949,1.0999999999999999,0.755661049281728
4084.5628205128205,1.0999999999999999,0.8777644656820028
4172.877692307692,1.0999999999999999,0.9211500437787873
4261.192564102565,1.0999999999999999,0.8878026554573288
4349.507435897436,1.0999999999999999,0.8472793446753056
4437.822307692308,1.0999999999999999,0.7739983253282837
4526.137179487179,1.0999999999999999,0.6720964595955413
4614.452051282051,1.0999999999999999,0.6100114864186271
4702.7669230769225,1.0999999999999999,0.6921570169298005
4791.081794871795,1.0999999999999999,0.9579599908237506
4879.3966666666665,1.0999999999999999,1.3286866779283555
4967.711538461539,1.0999999999999999,1.5559804209188617
5056.026410256411,1.0999999999999999,1.544020243896683
5144.341282051282,1.0999999999999999,1.4156800226054929
5232.656153846154,1.0999999999999999,1.434239312667116
5320.971025641025,1.0999999999999999,1.600322819381669
5409.285897435897,1.0999999999999999,1.702346194337447
5497.6007692307685,1.0999999999999999,1.683601708706788
5585.915641025641,1.0999999999999999,1.6472339206330535
5674.230512820513,1.0999999999999999,1.733359572170613
5762.545384615385,1.0999999999999999,1.8637544214122854
5850.860256410257,1.0999999999999999,1.9585726218610553
5939.175128205128,1.0999999999999999,1.992342786921409
6027.49,1.0999999999999999,1.9986608882009675
2583.21,1.15,0.9601802760848152
2671.5248717948716,1.15,0.9438768318900558
2759.8397435897436,1.15,1.0698334797549034
2848.154615384615,1.15,1.0769945662888527
2936.4694871794873,1.15,0.88264891224982
3024.784358974359,1.15,0.6725023582633574
3113.099230769231,1.15,0.5607957815462837
3201.4141025641024,1.15,0.5953939782865811
3289.7289743589745,1.15,0.7659226599482096
3378.043846153846,1.15,0.9997369157548814
3466.358717948718,1.15,1.15900037300292
3554.6735897435897,1.15,1.1046767056304283
3642.9884615384617,1.15,0.9417216462795283
3731.3033333333333,1.15,0.7705069477855597
3819.618205128205,1.15,0.6220369813550093
3907.933076923077,1.15,0.5904130428197896
3996.247948717949,1.15,0.7030719530487989
4084.5628205128205,1.15,0.8775703352578841
4172.877692307692,1.15,0.9584796221904764
4261.192564102565,1.15,0.9217735038799674
4349.507435897436,1.15,0.8681184337558527
4437.822307692308,1.15,0.7845261227116975
4526.137179487179,1.15,0.6765331472162666
4614.452051282051,1.15,0.6093993449537941
4702.7669230769225,1.15,0.6887831848472343
4791.081794871795,1.15,0.9556096576986619
4879.3966666666665,1.15,1.3304568918690873
4967.711538461539,1.15,1.5595248096172567
5056.026410256411,1.15,1.5452496775270455
5144.341282051282,1.15,1.4133880758032644
5232.656153846154,1.15,1.4308735124445335
5320.971025641025,1.15,1.5995787863034245
5409.285897435897,1.15,1.7066834170066332
5497.6007692307685,1.15,1.693327680606241
5585.915641025641,1.15,1.6594203249588064
5674.230512820513,1.15,1.7428810169198066
5762.545384615385,1.15,1.868961203813112
5850.860256410257,1.15,1.9605891090180305
5939.175128205128,1.15,1.9930174305684283
6027.49,1.15,1.9989012380708546
2583.21,1.2,0.958914019221084
2671.5248717948716,1.2,0.9428656826093982
2759.8397435897436,1.2,1.0693370855520814
2848.154615384615,1.2,1.0766974499237398
2936.4694871794873,1.2,0.8820718861673158
3024.784358974359,1.2,0.6713313639075232
3113.099230769231,1.2,0.5573516991262133
3201.4141025641024,1.2,0.58754960445817
3289.7289743589745,1.2,0.7536603907937043
3378.043846153846,1.2,0.9897762430880125
3466.358717948718,1.2,1.1802959913407192
3554.6735897435897,1.2,1.2142460578027279
3642.9884615384617,1.2,1.174585509763276
3731.3033333333333,1.2,1.083515296129814
3819.618205128205,1.2,0.8836431720037418
3907.933076923077,1.2,0.737801806620917
3996.247948717949,1.2,0.7587741643178828
4084.5628205128205,1.2,0.9027700401734235
4172.877692307692,1.2,0.9806641873923979
4261.192564102565,1.2,0.940909032911049
4349.507435897436,1.2,0.8828080417023658
4437.822307692308,1.2,0.7944939476813411
4526.137179487179,1.2,0.6824868518386602
4614.452051282051,1.2,0.6125160208271612
4702.7669230769225,1.2,0.6904563903766351
4791.081794871795,1.2,0.9564251077916232
4879.3966666666665,1.2,1.3299311244068202
4967.711538461539,1.2,1.5584521583788078
5056.026410256411,1.2,1.5448879895057661
5144.341282051282,1.2,1.4141915778461973
5232.656153846154,1.2,1.4325285806689239
5320.971025641025,1.2,1.6032312531072563
5409.285897435897,1.2,1.715744824454088
5497.6007692307685,1.2,1.7095124028623996
5585.915641025641,1.2,1.679109508494823
5674.230512820513,1.2,1.7579110832983686
5762.545384615385,1.2,1.8765442635708893
5850.860256410257,1.2,1.9627473061972611
5939.175128205128,1.2,1.9933203935133408
6027.49,1.2,1.9989237819768835
2583.21,1.25,0.9573637339517715
2671.5248717948716,1.25,0.9416277026749403
2759.8397435897436,1.25,1.0687283287681844
2848.154615384615,1.25,1.076335652690366
2936.4694871794873,1.25,0.881366388797062
3024.784358974359,1.25,0.6698841378174786
3113.099230769231,1.25,0.5531604881675125
3201.4141025641024,1.25,0.5778414899210914
3289.7289743589745,1.25,0.7370977160529963
3378.043846153846,1.25,0.9688054880794721
3466.358717948718,1.25,1.1592771521633425
3554.6735897435897,1.25,1.2019943660532204
3642.9884615384617,1.25,1.208912661683918
3731.3033333333333,1.25,1.2147347850215995
3819.618205128205,1.25,1.1312982746452014
3907.933076923077,1.25,1.0187690836142542
3996.247948717949,1.25,0.9530921173238134
4084.5628205128205,1.25,0.9554039537601715
4172.877692307692,1.25,0.9430788370934335
4261.192564102565,1.25,0.8966412029550782
4349.507435897436,1.25,0.8639617676346122
4437.822307692308,1.25,0.7946888674094615
4526.137179487179,1.25,0.6857005232888113
4614.452051282051,1.25,0.6150837499064464
4702.7669230769225,1.25,0.6923212771324438
4791.081794871795,1.25,0.9574559754592733
4879.3966666666665,1.25,1.3293364964255285
4967.711538461539,1.25,1.5571661041518319
5056.026410256411,1.25,1.5444497446221153
5144.341282051282,1.25,1.415173649115098
5232.656153846154,1.25,1.4345373677633761
5320.971025641025,1.25,1.607416803928164
5409.285897435897,1.25,1.7257542602489444
5497.6007692307685,1.25,1.7271634359386117
5585.915641025641,1.25,1.7005016362610257
5674.230512820513,1.25,1.774277098362454
5762.545384615385,1.25,1.8848387069465302
5850.860256410257,1.25,1.9651071270532854
5939.175128205128,1.25,1.9936101053502635
6027.49,1.25,1.9988780989002788
2583.21,1.3,0.9574925955222517
2671.5248717948716,1.3,0.9417305836070764
2759.8397435897436,1.3,1.0687780299818903
2848.154615384615,1.3,1.076367459778623
2936.4694871794873,1.3,0.8814258771890976
3024.784358974359,1.3,0.6699924504112327
3113.099230769231,1.3,0.5535314982565437
3201.4141025641024,1.3,0.5785640849639149
3289.7289743589745,1.3,0.7372089421086638
3378.043846153846,1.3,0.9635560120964427
3466.358717948718,1.3,1.1241570346142533
3554.6735897435897,1.3,1.0925668533443131
3642.9884615384617,1.3,1.0415270992924877
3731.3033333333333,1.3,1.1030415567578595
3819.618205128205,1.3,1.2392143768673947
3907.933076923077,1.3,1.2947936837201874
3996.247948717949,1.3,1.1975564474019649
4084.5628205128205,1.3,1.0109966900021479
4172.877692307692,1.3,0.8576093564716961
4261.192564102565,1.3,0.8032862500223357
4349.507435897436,1.3,0.8185032797137746
4437.822307692308,1.3,0.78646725954825
4526.137179487179,1.3,0.6858336880620423
4614.452051282051,1.3,0.6157535667444388
4702.7669230769225,1.3,0.6924968649600779
4791.081794871795,1.3,0.9574812268464672
4879.3966666666665,1.3,1.3294335896191352
4967.711538461539,1.3,1.557294322764489
5056.026410256411,1.3,1.544497842652114
5144.341282051282,1.3,1.4151931106808595
5232.656153846154,1.3,1.4349340476763544
5320.971025641025,1.3,1.6098943229470144
5409.285897435897,1.3,1.7332575012755054
5497.6007692307685,1.3,1.7409070216406966
5585.915641025641,1.3,1.7172476367991187
5674.230512820513,1.3,1.7871509079853884
5762.545384615385,1.3,1.89147559571506
5850.860256410257,1.3,1.9671405534693973
5939.175128205128,1.3,1.993966087082239
6027.49,1.3,1.9988982362493681
2583.21,1.3499999999999999,0.957994344879989
2671.5248717948716,1.3499999999999999,0.9421312393460666
2759.8397435897436,1.3499999999999999,1.0689743790427393
2848.154615384615,1.3499999999999999,1.076485856574989
2936.4694871794873,1.3499999999999999,0.881654846484556
3024.784358974359,1.3499999999999999,0.6704518530651253
3113.099230769231,1.3499999999999999,0.554904747229096
3201.4141025641024,1.3499999999999999,0.5816347486519884
3289.7289743589745,1.3499999999999999,0.7415155187827236
3378.043846153846,1.3499999999999999,0.964349500810453
3466.358717948718,1.3499999999999999,1.0988991801149541
3554.6735897435897,1.3499999999999999,0.9973866872659175
3642.9884615384617,1.3499999999999999,0.8632954659708529
3731.3033333333333,1.3499999999999999,0.9061859933296817
3819.618205128205,1.3499999999999999,1.15814605053231
3907.933076923077,1.3499999999999999,1.3477706180238127
3996.247948717949,1.3499999999999999,1.2877034754137395
4084.5628205128205,1.3499999999999999,1.019189391028033
4172.877692307692,1.3499999999999999,0.7917788478305886
4261.192564102565,1.3499999999999999,0.7371090180873151
4349.507435897436,1.3499999999999999,0.7871795742395287
4437.822307692308,1.3499999999999999,0.78161846455037
4526.137179487179,1.3499999999999999,0.6864349775098662
4614.452051282051,1.3499999999999999,0.6161249656356105
4702.7669230769225,1.3499999999999999,0.6921176793519099
4791.081794871795,1.3499999999999999,0.9570384484412433
4879.3966666666665,1.3499999999999999,1.3295026777645453
4967.711538461539,1.3499999999999999,1.5576548600317688
5056.026410256411,1.3499999999999999,1.544631668991973
5144.341282051282,1.3499999999999999,1.4149087412725303
5232.656153846154,1.3499999999999999,1.4344948065492298
5320.971025641025,1.3499999999999999,1.6100769489767641
5409.285897435897,1.3499999999999999,1.7351379593161054
5497.6007692307685,1.3499999999999999,1.7449883760897178
5585.915641025641,1.3499999999999999,1.7224418109791948
5674.230512820513,1.3499999999999999,1.7910443865294157
5762.545384615385,1.3499999999999999,1.8933798058512523
5850.860256410257,1.3499999999999999,1.9677277083080633
5939.175128205128,1.3499999999999999,1.9941831412982673
6027.49,1.3499999999999999,1.9990964725739244
2583.21,1.4,0.9580362802187723
2671.5248717948716,1.4,0.9421647294169321
2759.8397435897436,1.4,1.0689909556775654
2848.154615384615,1.4,1.0764954316787982
2936.4694871794873,1.4,0.8816738269660116
3024.784358974359,1.4,0.670492462403219
3113.099230769231,1.4,0.5550148857438988
3201.4141025641024,1.4,0.5818901176276711
3289.7289743589745,1.4,0.7418911720656975
3378.043846153846,1.4,0.9641469929863012
3466.358717948718,1.4,1.0944065837918031
3554.6735897435897,1.4,0.9758017070271484
3642.9884615384617,1.4,0.7873928436646778
3731.3033333333333,1.4,0.7432812939268348
3819.618205128205,1.4,0.9232323461269036
3907.933076923077,1.4,1.1270598970569299
3996.247948717949,1.4,1.157756166744443
4084.5628205128205,1.4,0.9682714373969068
4172.877692307692,1.4,0.7801195910615548
4261.192564102565,1.4,0.7348111712742345
4349.507435897436,1.4,0.7896800464935791
4437.822307692308,1.4,0.7860837378110086
4526.137179487179,1.4,0.6894917865840787
4614.452051282051,1.4,0.6173021855785865
4702.7669230769225,1.4,0.6921506339482686
4791.081794871795,1.4,0.9567694000279725
4879.3966666666665,1.4,1.329304638946287
4967.711538461539,1.4,1.5575921396672965
5056.026410256411,1.4,1.544619572261022
5144.341282051282,1.4,1.4148099878725682
5232.656153846154,1.4,1.4340698286709017
5320.971025641025,1.4,1.608737068636501
5409.285897435897,1.4,1.7320175481208497
5497.6007692307685,1.4,1.739903316072468
5585.915641025641,1.4,1.7165019173333604
5674.230512820513,1.4,1.7863228453509565
5762.545384615385,1.4,1.890766978902128
5850.860256410257,1.4,1.9668771259709439
5939.175128205128,1.4,1.9941470903599892
6027.49,1.4,1.9993201428428322
2583.21,1.45,0.9578916970593847
2671.5248717948716,1.45,0.9420492808105739
2759.8397435897436,1.45,1.0689345272646236
2848.154615384615,1.45,1.0764610232193987
2936.4694871794873,1.45,0.8816077053052825
3024.784358974359,1.45,0.6703620958049098
3113.099230769231,1.45,0.5546148961894282
3201.4141025641024,1.45,0.5810019473995113
3289.7289743589745,1.45,0.7406364565322392
3378.043846153846,1.45,0.9634735537447789
3466.358717948718,1.45,1.0983461102275798
3554.6735897435897,1.45,0.9865291106998216
3642.9884615384617,1.45,0.7718918793258175
3731.3033333333333,1.45,0.6468855709170054
3819.618205128205,1.45,0.7159595891225159
3907.933076923077,1.45,0.8902744212081539
3996.247948717949,1.45,1.0010736025266187
4084.5628205128205,1.45,0.9182504305295136
4172.877692307692,1.45,0.7933613125167116
4261.192564102565,1.45,0.7569487516969565
4349.507435897436,1.45,0.8050998793907849
4437.822307692308,1.45,0.7944505224611061
4526.137179487179,1.45,0.693875446938943
4614.452051282051,1.45,0.6192689770272477
4702.7669230769225,1.45,0.6930280900189838
4791.081794871795,1.45,0.957368353002105
4879.3966666666665,1.45,1.3295813041033786
4967.711538461539,1.45,1.5576164640505545
5056.026410256411,1.45,1.5446088859301466
5144.341282051282,1.45,1.4149422505295781
5232.656153846154,1.45,1.4344316912008082
5320.971025641025,1.45,1.608971843011418
5409.285897435897,1.45,1.7312366587432269
5497.6007692307685,1.45,1.7374535244249996
5585.915641025641,1.45,1.7131006566088918
5674.230512820513,1.45,1.7839624280024755
5762.545384615385,1.45,1.8898438627402399
5850.860256410257,1.45,1.9666786144595345
5939.175128205128,1.45,1.9939298956579443
6027.49,1.45,1.998940323373398
2583.21,1.5,0.9578545923516015
2671.5248717948716,1.5,0.9420196529294872
2759.8397435897436,1.5,1.0689200442145028
2848.154615384615,1.5,1.0764521961698
2936.4694871794873,1.5,0.8815907379506457
3024.784358974359,1.5,0.6703286169224462
3113.099230769231,1.5,0.5545122940052255
3201.4141025641024,1.5,0.580774052025821
3289.7289743589745,1.5,0.7403148712421102
3378.043846153846,1.5,0.9633088134699008
3466.358717948718,1.5,1.0994299258847626
3554.6735897435897,1.5,0.989694190370216
3642.9884615384617,1.5,0.7697114793318716
3731.3033333333333,1.5,0.6272154917351719
3819.618205128205,1.5,0.6730543294894779
3907.933076923077,1.5,0.8440889242678901
3996.247948717949,1.5,0.975921035565322
4084.5628205128205,1.5,0.9163227246547669
4172.877692307692,1.5,0.8032087466173334
4261.192564102565,1.5,0.7672553492851986
4349.507435897436,1.5,0.8140556512424281
4437.822307692308,1.5,0.8013687662456851
4526.137179487179,1.5,0.6981769163683547
4614.452051282051,1.5,0.6215558331275226
4702.7669230769225,1.5,0.6945025988570735
4791.081794871795,1.5,0.9587384454853954
4879.3966666666665,1.5,1.3305135127839982
4967.711538461539,1.5,1.558002525622971
5056.026410256411,1.5,1.5446943520961613
5144.341282051282,1.5,1.415195019162165
5232.656153846154,1.5,1.4356156166252816
5320.971025641025,1.5,1.6119573431717045
5409.285897435897,1.5,1.7365663744864703
5497.6007692307685,1.5,1.7445280436089519
5585.915641025641,1.5,1.7206012932694412
5674.230512820513,1.5,1.7904325805654095
5762.545384615385,1.5,1.893999112244094
5850.860256410257,1.5,1.9682056419122602
5939.175128205128,1.5,1.993716356042666
6027.49,1.5,1.9979347303824266
2583.21,1.5499999999999998,0.9578911372083085
2671.5248717948716,1.5499999999999998,0.9420488339126387
2759.8397435897436,1.5499999999999998,1.0689343145977674
2848.154615384615,1.5499999999999998,1.076460878736056
2936.4694871794873,1.5499999999999998,0.8816074437799195
3024.784358974359,1.5499999999999998,0.6703616687301293
3113.099230769231,1.5499999999999998,0.5546131843747132
3201.4141025641024,1.5499999999999998,0.5809984553496341
3289.7289743589745,1.5499999999999998,0.7406326214720332
3378.043846153846,1.5499999999999998,0.9634676368757853
3466.358717948718,1.5499999999999998,1.0983523424161699
3554.6735897435897,1.5499999999999998,0.9865794200368638
3642.9884615384617,1.5499999999999998,0.7719976441376619
3731.3033333333333,1.5499999999999998,0.6488223875520895
3819.618205128205,1.5499999999999998,0.7243776505626232
3907.933076923077,1.5499999999999998,0.9086266771578572
3996.247948717949,1.5499999999999998,1.0262697955814397
4084.5628205128205,1.5499999999999998,0.9397114376587916
4172.877692307692,1.5499999999999998,0.8077444527742024
4261.192564102565,1.5499999999999998,0.7678770703809937
4349.507435897436,1.5499999999999998,0.8170480880887399
4437.822307692308,1.5499999999999998,0.8058003595672281
4526.137179487179,1.5499999999999998,0.7011465052314971
4614.452051282051,1.5499999999999998,0.6225374861468709
4702.7669230769225,1.5499999999999998,0.6941797544967997
4791.081794871795,1.5499999999999998,0.9580408633921046
4879.3966666666665,1.5499999999999998,1.3299972680694967
4967.711538461539,1.5499999999999998,1.5577933849508157
5056.026410256411,1.5499999999999998,1.5446529489256104
5144.341282051282,1.5499999999999998,1.4150813819796488
5232.656153846154,1.5499999999999998,1.4351469268566464
5320.971025641025,1.5499999999999998,1.6114185829571757
5409.285897435897,1.5499999999999998,1.737068330688242
5497.6007692307685,1.5499999999999998,1.7470275746316
5585.915641025641,1.5499999999999998,1.7243097299269017
5674.230512820513,1.5499999999999998,1.7928624137525055
5762.545384615385,1.5499999999999998,1.894760001051204
5850.860256410257,1.5499999999999998,1.9682825446264747
5939.175128205128,1.5499999999999998,1.994012481275803
6027.49,1.5499999999999998,1.998540924985036
2583.21,1.5999999999999999,0.9579093273585728
2671.5248717948716,1.5999999999999999,0.9420633584255723
2759.8397435897436,1.5999999999999999,1.0689414059266649
2848.154615384615,1.5999999999999999,1.076465223094506
2936.4694871794873,1.5999999999999999,0.8816157701232489
3024.784358974359,1.5999999999999999,0.6703779638593472
3113.099230769231,1.5999999999999999,0.5546637286823949
3201.4141025641024,1.5999999999999999,0.5811102034754532
3289.7289743589745,1.5999999999999999,0.740789158727226
3378.043846153846,1.5999999999999999,0.9635619109952026
3466.358717948718,1.5999999999999999,1.0979605494414166
3554.6735897435897,1.5999999999999999,0.98589636072883
3642.9884615384617,1.5999999999999999,0.7771514709941699
3731.3033333333333,1.5999999999999999,0.6692747557720555
3819.618205128205,1.5999999999999999,0.7649600588011951
3907.933076923077,1.5999999999999999,0.9553458921595155
3996.247948717949,1.5999999999999999,1.0598873020877868
4084.5628205128205,1.5999999999999999,0.9543264062074259
4172.877692307692,1.5999999999999999,0.8102671542880782
4261.192564102565,1.5999999999999999,0.7681124273866203
4349.507435897436,1.5999999999999999,0.8184613321053171
4437.822307692308,1.5999999999999999,0.8078410422727645
4526.137179487179,1.5999999999999999,0.7019764878772592
4614.452051282051,1.5999999999999999,0.621100164249272
4702.7669230769225,1.5999999999999999,0.6904684453303547
4791.081794871795,1.5999999999999999,0.9533714788412123
4879.3966666666665,1.5999999999999999,1.3265649379755036
4967.711538461539,1.5999999999999999,1.55627711721461
5056.026410256411,1.5999999999999999,1.5443091080938782
5144.341282051282,1.5999999999999999,1.4142679833941227
5232.656153846154,1.5999999999999999,1.4311746216828911
5320.971025641025,1.5999999999999999,1.601945462970348
5409.285897435897,1.5999999999999999,1.7217822421465012
5497.6007692307685,1.5999999999999999,1.728874364973567
5585.915641025641,1.5999999999999999,1.7063104569285652
5674.230512820513,1.5999999999999999,1.7764174675044266
5762.545384615385,1.5999999999999999,1.883239870069041
5850.860256410257,1.5999999999999999,1.9637950423528063
5939.175128205128,1.5999999999999999,1.9949882751382209
6027.49,1.5999999999999999,2.0022570570223963
2583.21,1.65,0.957901561617951
2671.5248717948716,1.65,0.9420571574928247
2759.8397435897436,1.65,1.0689383731966622
2848.154615384615,1.65,1.076463378617622
2936.4694871794873,1.65,0.8816122204259129
3024.784358974359,1.65,0.6703709365258559
3113.099230769231,1.65,0.5546422975756607
3201.4141025641024,1.65,0.5810625167078846
3289.7289743589745,1.65,0.7407216164979638
3378.043846153846,1.65,0.963528927891659
3466.358717948718,1.65,1.0981989281093691
3554.6735897435897,1.65,0.9866205676642137
3642.9884615384617,1.65,0.7769662858152898
3731.3033333333333,1.65,0.6655887143286351
3819.618205128205,1.65,0.7559873383657183
3907.933076923077,1.65,0.9444789168687714
3996.247948717949,1.65,1.0522308002950114
4084.5628205128205,1.65,0.9516681310522205
4172.877692307692,1.65,0.8109564195000033
4261.192564102565,1.65,0.7696740661171697
4349.507435897436,1.65,0.8199945404379901
4437.822307692308,1.65,0.809005859274941
4526.137179487179,1.65,0.7026565160514499
4614.452051282051,1.65,0.6213444080640291
4702.7669230769225,1.65,0.6904560422446857
4791.081794871795,1.65,0.9532838077272369
4879.3966666666665,1.65,1.3264854053750625
4967.711538461539,1.65,1.5562396258707543
5056.026410256411,1.65,1.5442815699844612
5144.341282051282,1.65,1.4140302685138817
5232.656153846154,1.65,1.4298291474036324
5320.971025641025,1.65,1.5950527821617297
5409.285897435897,1.65,1.7012945967740913
5497.6007692307685,1.65,1.6913748347792508
5585.915641025641,1.65,1.6605957816831234
5674.230512820513,1.65,1.7413186770197644
5762.545384615385,1.65,1.8652080935416155
5850.860256410257,1.65,1.9583177059644916
5939.175128205128,1.65,1.994034514305488
6027.49,1.65,2.0021745974299687
2583.21,1.7,0.9578944103498833
2671.5248717948716,1.7,0.942051448192725
2759.8397435897436,1.7,1.068935621418436
2848.154615384615,1.7,1.0764616010691386
2936.4694871794873,1.7,0.8816089130403892
3024.784358974359,1.7,0.6703650113662587
3113.099230769231,1.7,0.5546214227721726
3201.4141025641024,1.7,0.5810184268512801
3289.7289743589745,1.7,0.7406650541187108
3378.043846153846,1.7,0.9634447641345916
3466.358717948718,1.7,1.097904103039419
3554.6735897435897,1.7,0.984192361343296
3642.9884615384617,1.7,0.7624457287237586
3731.3033333333333,1.7,0.6272576459573678
3819.618205128205,1.7,0.6927159512389247
3907.933076923077,1.7,0.8795446318775707
3996.247948717949,1.7,1.0108483122920697
4084.5628205128205,1.7,0.9355433240268654
4172.877692307692,1.7,0.8091511120681499
4261.192564102565,1.7,0.7712654176518688
4349.507435897436,1.7,0.8222434656533213
4437.822307692308,1.7,0.8113120888865023
4526.137179487179,1.7,0.706008273837258
4614.452051282051,1.7,0.6285859040257623
4702.7669230769225,1.7,0.7030911979543135
4791.081794871795,1.7,0.9685538810445911
4879.3966666666665,1.7,1.3376823508296956
4967.711538461539,1.7,1.5612250870763886
5056.026410256411,1.7,1.5453641454956248
5144.341282051282,1.7,1.41599278444821
5232.656153846154,1.7,1.439014070388213
5320.971025641025,1.7,1.6063139791928278
5409.285897435897,1.7,1.6921753721443746
5497.6007692307685,1.7,1.6421127077846311
5585.915641025641,1.7,1.5868409203996647
5674.230512820513,1.7,1.6934058900655253
5762.545384615385,1.7,1.8507910684304827
5850.860256410257,1.7,1.9572250400901434
5939.175128205128,1.7,1.9880194479962552
6027.49,1.7,1.9896070934099928
2583.21,1.75,0.9578955594240915
2671.5248717948716,1.75,0.9420523662916074
2759.8397435897436,1.75,1.0689360938495465
2848.154615384615,1.75,1.0764618283221925
2936.4694871794873,1.75,0.8816094159913986
3024.784358974359,1.75,0.6703663668163711
3113.099230769231,1.75,0.5546239351283114
3201.4141025641024,1.75,0.5810253744248729
3289.7289743589745,1.75,0.7406783544105906
3378.043846153846,1.75,0.9634195470239655
3466.358717948718,1.75,1.0975863221900433
3554.6735897435897,1.75,0.9823999724190562
3642.9884615384617,1.75,0.7546894583749235
3731.3033333333333,1.75,0.6092952750423645
3819.618205128205,1.75,0.6661974461006867
3907.933076923077,1.75,0.8556818787182809
3996.247948717949,1.75,0.9992605820705572
4084.5628205128205,1.75,0.9335611421482725
4172.877692307692,1.75,0.8112946533706766
4261.192564102565,1.75,0.7742283277316867
4349.507435897436,1.75,0.8261563339005054
4437.822307692308,1.75,0.815360787960419
4526.137179487179,1.75,0.7096664933251964
4614.452051282051,1.75,0.6333758689997432
4702.7669230769225,1.75,0.7103032849436954
4791.081794871795,1.75,0.9770904882472407
4879.3966666666665,1.75,1.3439251798936747
4967.711538461539,1.75,1.5640104526524654
5056.026410256411,1.75,1.5459492253516034
5144.341282051282,1.75,1.4168329317578838
5232.656153846154,1.75,1.442714663725544
5320.971025641025,1.75,1.6051162773724361
5409.285897435897,1.75,1.664588207822396
5497.6007692307685,1.75,1.573234059513921
5585.915641025641,1.75,1.4951380787258124
5674.230512820513,1.75,1.6279194109078217
5762.545384615385,1.75,1.8229068258658652
5850.860256410257,1.75,1.950612064503866
5939.175128205128,1.75,1.9835801519760052
6027.49,1.75,1.9824215559252303
2583.21,1.7999999999999998,0.9578980046697709
2671.5248717948716,1.7999999999999998,0.9420543160494318
2759.8397435897436,1.7999999999999998,1.0689369327205298
2848.154615384615,1.7999999999999998,1.0764626328764062
2936.4694871794873,1.7999999999999998,0.8816106429096138
3024.784358974359,1.7999999999999998,0.6703670329552462
3113.099230769231,1.7999999999999998,0.5546339098489176
3201.4141025641024,1.7999999999999998,0.5810408795098525
3289.7289743589745,1.7999999999999998,0.7406839620110197
3378.043846153846,1.7999999999999998,0.9635864348537713
3466.358717948718,1.7999999999999998,1.099020728011723
3554.6735897435897,1.7999999999999998,0.9912882331086644
3642.9884615384617,1.7999999999999998,0.7970642969188283
3731.3033333333333,1.7999999999999998,0.7148434570904686
3819.618205128205,1.7999999999999998,0.8374465694858987
3907.933076923077,1.7999999999999998,1.0346393239969636
3996.247948717949,1.7999999999999998,1.1214757812893346
4084.5628205128205,1.7999999999999998,0.9905135564564084
4172.877692307692,1.7999999999999998,0.8290082266868914
4261.192564102565,1.7999999999999998,0.7818500390699554
4349.507435897436,1.7999999999999998,0.8328942081342767
4437.822307692308,1.7999999999999998,0.82064477807357
4526.137179487179,1.7999999999999998,0.7074722118472768
4614.452051282051,1.7999999999999998,0.615623244658326
4702.7669230769225,1.7999999999999998,0.674590574615723
4791.081794871795,1.7999999999999998,0.9331721715590016
4879.3966666666665,1.7999999999999998,1.3116172707343243
4967.711538461539,1.7999999999999998,1.5496261713752568
5056.026410256411,1.7999999999999998,1.5426713115359414
5144.341282051282,1.7999999999999998,1.4095089075527039
5232.656153846154,1.7999999999999998,1.4070711653701578
5320.971025641025,1.7999999999999998,1.5264462440614444
5409.285897435897,1.7999999999999998,1.5542181186020485
5497.6007692307685,1.7999999999999998,1.4655872786967978
5585.915641025641,1.7999999999999998,1.4035287369869742
5674.230512820513,1.7999999999999998,1.5321116596240376
5762.545384615385,1.7999999999999998,1.74373217831421
5850.860256410257,1.7999999999999998,1.9164458735010932
5939.175128205128,1.7999999999999998,1.9938210168025967
6027.49,1.7999999999999998,2.0174483936323626
2583.21,1.8499999999999999,0.957898078259868
2671.5248717948716,1.8499999999999999,0.9420543694948846
2759.8397435897436,1.8499999999999999,1.0689367384999071
2848.154615384615,1.8499999999999999,1.0764630802307413
2936.4694871794873,1.8499999999999999,0.8816108863652056
3024.784358974359,1.8499999999999999,0.6703641286961197
3113.099230769231,1.8499999999999999,0.5546403266691553
3201.4141025641024,1.8499999999999999,0.5810428127101559
3289.7289743589745,1.8499999999999999,0.74066134037667
3378.043846153846,1.8499999999999999,0.9639354731976796
3466.358717948718,1.8499999999999999,1.1021913149507279
3554.6735897435897,1.8499999999999999,1.0097492532143062
3642.9884615384617,1.8499999999999999,0.8806557918762214
3731.3033333333333,1.8499999999999999,0.9186544490211539
3819.618205128205,1.8499999999999999,1.1628229690537468
3907.933076923077,1.8499999999999999,1.36950260469873
3996.247948717949,1.8499999999999999,1.3450659316876696
4084.5628205128205,1.8499999999999999,1.091387026866918
4172.877692307692,1.8499999999999999,0.8577979673850852
4261.192564102565,1.8499999999999999,0.7921530410590437
4349.507435897436,1.8499999999999999,0.8406197276443478
4437.822307692308,1.8499999999999999,0.8263411187273966
4526.137179487179,1.8499999999999999,0.7044271194015054
4614.452051282051,1.8499999999999999,0.5941951632605462
4702.7669230769225,1.8499999999999999,0.6317868733828141
4791.081794871795,1.8499999999999999,0.8805831291949677
4879.3966666666665,1.8499999999999999,1.272940021177582
4967.711538461539,1.8499999999999999,1.5321799226054593
5056.026410256411,1.8499999999999999,1.5372349023023184
5144.341282051282,1.8499999999999999,1.3928346446716642
5232.656153846154,1.8499999999999999,1.3329461983039295
5320.971025641025,1.8499999999999999,1.3751442801084663
5409.285897435897,1.8499999999999999,1.3712087708202039
5497.6007692307685,1.8499999999999999,1.3333978895718326
5585.915641025641,1.8499999999999999,1.3240581384175354
5674.230512820513,1.8499999999999999,1.4054860391183601
5762.545384615385,1.8499999999999999,1.5945231753347568
5850.860256410257,1.8499999999999999,1.8207995877791836
5939.175128205128,1.8499999999999999,1.9791741850622453
6027.49,1.8499999999999999,2.053227716126955
2583.21,1.9,0.9578973545624272
2671.5248717948716,1.9,0.9420537898077456
2759.8397435897436,1.9,1.0689363797247218
2848.154615384615,1.9,1.0764630551809682
2936.4694871794873,1.9,0.8816106273697295
3024.784358974359,1.9,0.6703624599094801
3113.099230769231,1.9,0.5546405131561946
3201.4141025641024,1.9,0.5810410280015025
3289.7289743589745,1.9,0.7406752048163057
3378.043846153846,1.9,0.9642541720200508
3466.358717948718,1.9,1.1045131438068643
3554.6735897435897,1.9,1.020745524913871
3642.9884615384617,1.9,0.9221555524896409
3731.3033333333333,1.9,1.0130459442550908
3819.618205128205,1.9,1.3081462388158853
3907.933076923077,1.9,1.5173094768378257
3996.247948717949,1.9,1.4441466215426693
4084.5628205128205,1.9,1.1363913545513795
4172.877692307692,1.9,0.870308135408599
4261.192564102565,1.9,0.7956833169986774
4349.507435897436,1.9,0.8432712854197418
4437.822307692308,1.9,0.831222855057463
4526.137179487179,1.9,0.7213602787309956
4614.452051282051,1.9,0.6431132503616622
4702.7669230769225,1.9,0.7215293693583921
4791.081794871795,1.9,0.9897993827459609
4879.3966666666665,1.9,1.353188070393255
4967.711538461539,1.9,1.5669527718834393
5056.026410256411,1.9,1.5385525890790825
5144.341282051282,1.9,1.3740176176080978
5232.656153846154,1.9,1.2707384672553892
5320.971025641025,1.9,1.2556362328392716
5409.285897435897,1.9,1.231765297736379
5497.6007692307685,1.9,1.2382702340942566
5585.915641025641,1.9,1.260029876703316
5674.230512820513,1.9,1.2651054834734465
5762.545384615385,1.9,1.384218406363919
5850.860256410257,1.9,1.6135495617434765
5939.175128205128,1.9,1.825804633984559
6027.49,1.9,1.937518047005832
2583.21,1.95,0.9578971952129726
2671.5248717948716,1.95,0.9420536670868639
2759.8397435897436,1.95,1.0689365070428474
2848.154615384615,1.95,1.0764626518983849
2936.4694871794873,1.95,0.8816103763727163
3024.784358974359,1.95,0.6703648425930131
3113.099230769231,1.95,0.5546348851990197
3201.4141025641024,1.95,0.5810421019075847
3289.7289743589745,1.95,0.7407369543560559
3378.043846153846,1.95,0.9642703512766474
3466.358717948718,1.95,1.103709417590422
3554.6735897435897,1.95,1.012286148284407
3642.9884615384617,1.95,0.8715864865992162
3731.3033333333333,1.95,0.8801641763869723
3819.618205128205,1.95,1.08941249851036
3907.933076923077,1.95,1.2919320161430687
3996.247948717949,1.95,1.2972288971928487
4084.5628205128205,1.95,1.0726579192747145
4172.877692307692,1.95,0.85290012030792
4261.192564102565,1.95,0.7883941290074654
4349.507435897436,1.95,0.838229927994397
4437.822307692308,1.95,0.833916537692612
4526.137179487179,1.95,0.7626816219948799
4614.452051282051,1.95,0.7803725773638486
4702.7669230769225,1.95,0.978980022967244
4791.081794871795,1.95,1.3055557777159488
4879.3966666666665,1.95,1.5888079350598474
4967.711538461539,1.95,1.6750607848040495
5056.026410256411,1.95,1.556677640294695
5144.341282051282,1.95,1.3645731529302418
5232.656153846154,1.95,1.2561482321241002
5320.971025641025,1.95,1.235218812918259
5409.285897435897,1.95,1.2085840977232305
5497.6007692307685,1.95,1.2167539830270526
5585.915641025641,1.95,1.2136547946835663
5674.230512820513,1.95,1.1326902187993149
5762.545384615385,1.95,1.1437111441254393
5850.860256410257,1.95,1.2989245676846153
5939.175128205128,1.95,1.500580808145085
6027.49,1.95,1.6138796004934357
2583.21,2.0,0.9578973676093226
2671.5248717948716,2.0,0.9420538089526105
2759.8397435897436,2.0,1.0689367508282375
2848.154615384615,2.0,1.0764623525930836
2936.4694871794873,2.0,0.8816102888334997
3024.784358974359,2.0,0.6703673482742502
3113.099230769231,2.0,0.5546303205087998
3201.4141025641024,2.0,0.5810376854229936
3289.7289743589745,2.0,0.7407011231092482
3378.043846153846,2.0,0.9635950760352092
3466.358717948718,2.0,1.0988200770757686
3554.6735897435897,2.0,0.9887808328049086
3642.9884615384617,2.0,0.7812050719206195
3731.3033333333333,2.0,0.6741096774516137
3819.618205128205,2.0,0.7744189008494269
3907.933076923077,2.0,0.9776166794650252
3996.247948717949,2.0,1.0952123899284667
4084.5628205128205,2.0,0.9872947601276506
4172.877692307692,2.0,0.8324766683758685
4261.192564102565,2.0,0.7819167559500605
4349.507435897436,2.0,0.8327525827050981
4437.822307692308,2.0,0.8327437880467046
4526.137179487179,2.0,0.7865530611451842
4614.452051282051,2.0,0.865930737409861
4702.7669230769225,2.0,1.14441270609737
4791.081794871795,2.0,1.517327035621082
4879.3966666666665,2.0,1.7645111656625205
4967.711538461539,2.0,1.7797592731357572
5056.026410256411,2.0,1.6032351983592625
5144.341282051282,2.0,1.385672217095238
5232.656153846154,2.0,1.2764879698065459
5320.971025641025,2.0,1.2640046039072048
5409.285897435897,2.0,1.2391434621306365
5497.6007692307685,2.0,1.230238654957718
5585.915641025641,2.0,1.1860006670193841
5674.230512820513,2.0,1.0387232012255965
5762.545384615385,2.0,0.9560857654276389
5850.860256410257,2.0,1.0270983996622522
5939.175128205128,2.0,1.1969930055969693
6027.49,2.0,1.2993598748103934
